id,collection,region_or_category,search_query,preferred_source,license_policy
JG-001,Heritage,Monuments,Taj Mahal Agra sunrise Yamuna,Wikimedia Commons,CC/public-domain only; verify per-file license before commercial use
JG-002,Heritage,Monuments,Agra Fort red sandstone,Wikimedia Commons,CC/public-domain only; verify per-file license before commercial use
JG-003,Heritage,Monuments,Fatehpur Sikri Buland Darwaza,Wikimedia Commons,CC/public-domain only; verify per-file license before commercial use
JG-004,Heritage,Monuments,Bara Imambara Lucknow,Wikimedia Commons,CC/public-domain only; verify per-file license before commercial use
JG-005,Heritage,Monuments,Chittorgarh Fort,Wikimedia Commons,CC/public-domain only; verify per-file license before commercial use
JG-006,Heritage,Monuments,Amer Fort Jaipur Maota Lake,Wikimedia Commons,CC/public-domain only; verify per-file license before commercial use
JG-007,Heritage,Monuments,Mehrangarh Fort Jodhpur,Wikimedia Commons,CC/public-domain only; verify per-file license before commercial use
JG-008,Heritage,Monuments,Jaisalmer Fort,Wikimedia Commons,CC/public-domain only; verify per-file license before commercial use
JG-009,Heritage,Monuments,City Palace Jaipur,Wikimedia Commons,CC/public-domain only; verify per-file license before commercial use
JG-010,Heritage,Monuments,Hawa Mahal Jaipur,Wikimedia Commons,CC/public-domain only; verify per-file license before commercial use
JG-011,Heritage,Monuments,Red Fort Delhi,Wikimedia Commons,CC/public-domain only; verify per-file license before commercial use
JG-012,Heritage,Monuments,Qutub Minar Delhi,Wikimedia Commons,CC/public-domain only; verify per-file license before commercial use
JG-013,Heritage,Monuments,Humayun's Tomb Delhi,Wikimedia Commons,CC/public-domain only; verify per-file license before commercial use
JG-014,Heritage,Monuments,Sanchi Stupa,Wikimedia Commons,CC/public-domain only; verify per-file license before commercial use
JG-015,Heritage,Monuments,Khajuraho temples,Wikimedia Commons,CC/public-domain only; verify per-file license before commercial use
JG-016,Heritage,Monuments,Bhimbetka rock shelters,Wikimedia Commons,CC/public-domain only; verify per-file license before commercial use
JG-017,Heritage,Monuments,Ajanta Caves,Wikimedia Commons,CC/public-domain only; verify per-file license before commercial use
JG-018,Heritage,Monuments,Kailasa Temple Ellora,Wikimedia Commons,CC/public-domain only; verify per-file license before commercial use
JG-019,Heritage,Monuments,Elephanta Caves,Wikimedia Commons,CC/public-domain only; verify per-file license before commercial use
JG-020,Heritage,Monuments,Chhatrapati Shivaji Maharaj Terminus Mumbai,Wikimedia Commons,CC/public-domain only; verify per-file license before commercial use
JG-021,Heritage,Monuments,Gateway of India Mumbai,Wikimedia Commons,CC/public-domain only; verify per-file license before commercial use
JG-022,Heritage,Monuments,Hampi Virupaksha Temple,Wikimedia Commons,CC/public-domain only; verify per-file license before commercial use
JG-023,Heritage,Monuments,Mysore Palace illuminated,Wikimedia Commons,CC/public-domain only; verify per-file license before commercial use
JG-024,Heritage,Monuments,Pattadakal temples,Wikimedia Commons,CC/public-domain only; verify per-file license before commercial use
JG-025,Heritage,Monuments,Gol Gumbaz Bijapur,Wikimedia Commons,CC/public-domain only; verify per-file license before commercial use
JG-026,Heritage,Monuments,Shore Temple Mahabalipuram,Wikimedia Commons,CC/public-domain only; verify per-file license before commercial use
JG-027,Heritage,Monuments,Brihadisvara Temple Thanjavur,Wikimedia Commons,CC/public-domain only; verify per-file license before commercial use
JG-028,Heritage,Monuments,Pancha Rathas Mahabalipuram,Wikimedia Commons,CC/public-domain only; verify per-file license before commercial use
JG-029,Heritage,Monuments,Konark Sun Temple,Wikimedia Commons,CC/public-domain only; verify per-file license before commercial use
JG-030,Heritage,Monuments,Udayagiri Khandagiri caves,Wikimedia Commons,CC/public-domain only; verify per-file license before commercial use
JG-031,Heritage,Monuments,Victoria Memorial Kolkata,Wikimedia Commons,CC/public-domain only; verify per-file license before commercial use
JG-032,Heritage,Monuments,Nalanda ruins,Wikimedia Commons,CC/public-domain only; verify per-file license before commercial use
JG-033,Heritage,Monuments,Dholavira,Wikimedia Commons,CC/public-domain only; verify per-file license before commercial use
JG-034,Heritage,Monuments,Rani ki Vav Patan,Wikimedia Commons,CC/public-domain only; verify per-file license before commercial use
JG-035,Heritage,Monuments,Modhera Sun Temple,Wikimedia Commons,CC/public-domain only; verify per-file license before commercial use
JG-036,Heritage,Monuments,Champaner Pavagadh,Wikimedia Commons,CC/public-domain only; verify per-file license before commercial use
JG-037,Heritage,Monuments,Kangra Fort,Wikimedia Commons,CC/public-domain only; verify per-file license before commercial use
JG-038,Heritage,Monuments,Basilica of Bom Jesus Old Goa,Wikimedia Commons,CC/public-domain only; verify per-file license before commercial use
JG-039,Heritage,Monuments,Cellular Jail Port Blair,Wikimedia Commons,CC/public-domain only; verify per-file license before commercial use
JG-040,Heritage,Monuments,Charaideo Maidam Assam,Wikimedia Commons,CC/public-domain only; verify per-file license before commercial use
JG-041,Nature,Landscapes,Himalaya mountain range sunrise,Wikimedia Commons,CC/public-domain only; verify per-file license before commercial use
JG-042,Nature,Landscapes,Valley of Flowers Uttarakhand,Wikimedia Commons,CC/public-domain only; verify per-file license before commercial use
JG-043,Nature,Landscapes,Nanda Devi,Wikimedia Commons,CC/public-domain only; verify per-file license before commercial use
JG-044,Nature,Landscapes,Rohtang Pass,Wikimedia Commons,CC/public-domain only; verify per-file license before commercial use
JG-045,Nature,Landscapes,Spiti Valley,Wikimedia Commons,CC/public-domain only; verify per-file license before commercial use
JG-046,Nature,Landscapes,Pangong Tso,Wikimedia Commons,CC/public-domain only; verify per-file license before commercial use
JG-047,Nature,Landscapes,Nubra Valley sand dunes,Wikimedia Commons,CC/public-domain only; verify per-file license before commercial use
JG-048,Nature,Landscapes,Dal Lake shikara Srinagar,Wikimedia Commons,CC/public-domain only; verify per-file license before commercial use
JG-049,Nature,Landscapes,Gulmarg meadow,Wikimedia Commons,CC/public-domain only; verify per-file license before commercial use
JG-050,Nature,Landscapes,Sonamarg valley,Wikimedia Commons,CC/public-domain only; verify per-file license before commercial use
JG-051,Nature,Landscapes,Tsomgo Lake Sikkim,Wikimedia Commons,CC/public-domain only; verify per-file license before commercial use
JG-052,Nature,Landscapes,Yumthang Valley,Wikimedia Commons,CC/public-domain only; verify per-file license before commercial use
JG-053,Nature,Landscapes,Dzukou Valley Nagaland,Wikimedia Commons,CC/public-domain only; verify per-file license before commercial use
JG-054,Nature,Landscapes,Living root bridge Meghalaya,Wikimedia Commons,CC/public-domain only; verify per-file license before commercial use
JG-055,Nature,Landscapes,Nohkalikai Falls,Wikimedia Commons,CC/public-domain only; verify per-file license before commercial use
JG-056,Nature,Landscapes,Cherrapunji hills clouds,Wikimedia Commons,CC/public-domain only; verify per-file license before commercial use
JG-057,Nature,Landscapes,Kaziranga grassland,Wikimedia Commons,CC/public-domain only; verify per-file license before commercial use
JG-058,Nature,Landscapes,Brahmaputra river sunrise,Wikimedia Commons,CC/public-domain only; verify per-file license before commercial use
JG-059,Nature,Landscapes,Assam tea garden,Wikimedia Commons,CC/public-domain only; verify per-file license before commercial use
JG-060,Nature,Landscapes,Sundarbans mangrove,Wikimedia Commons,CC/public-domain only; verify per-file license before commercial use
JG-061,Nature,Landscapes,Darjeeling tea estate Kanchenjunga,Wikimedia Commons,CC/public-domain only; verify per-file license before commercial use
JG-062,Nature,Landscapes,Western Ghats rainforest mist,Wikimedia Commons,CC/public-domain only; verify per-file license before commercial use
JG-063,Nature,Landscapes,Munnar tea plantations,Wikimedia Commons,CC/public-domain only; verify per-file license before commercial use
JG-064,Nature,Landscapes,Kerala backwaters houseboat Alleppey,Wikimedia Commons,CC/public-domain only; verify per-file license before commercial use
JG-065,Nature,Landscapes,Varkala cliff beach,Wikimedia Commons,CC/public-domain only; verify per-file license before commercial use
JG-066,Nature,Landscapes,Coorg coffee plantation hills,Wikimedia Commons,CC/public-domain only; verify per-file license before commercial use
JG-067,Nature,Landscapes,Jog Falls monsoon,Wikimedia Commons,CC/public-domain only; verify per-file license before commercial use
JG-068,Nature,Landscapes,Hampi boulders landscape,Wikimedia Commons,CC/public-domain only; verify per-file license before commercial use
JG-069,Nature,Landscapes,Ooty hills,Wikimedia Commons,CC/public-domain only; verify per-file license before commercial use
JG-070,Nature,Landscapes,Nilgiri mountains eucalyptus,Wikimedia Commons,CC/public-domain only; verify per-file license before commercial use
JG-071,Nature,Landscapes,Andaman beach turquoise,Wikimedia Commons,CC/public-domain only; verify per-file license before commercial use
JG-072,Nature,Landscapes,Radhanagar Beach Havelock,Wikimedia Commons,CC/public-domain only; verify per-file license before commercial use
JG-073,Nature,Landscapes,Lakshadweep lagoon aerial,Wikimedia Commons,CC/public-domain only; verify per-file license before commercial use
JG-074,Nature,Landscapes,Rann of Kutch white desert sunset,Wikimedia Commons,CC/public-domain only; verify per-file license before commercial use
JG-075,Nature,Landscapes,Gir forest landscape,Wikimedia Commons,CC/public-domain only; verify per-file license before commercial use
JG-076,Nature,Landscapes,Aravalli hills,Wikimedia Commons,CC/public-domain only; verify per-file license before commercial use
JG-077,Nature,Landscapes,Thar Desert dunes Jaisalmer,Wikimedia Commons,CC/public-domain only; verify per-file license before commercial use
JG-078,Nature,Landscapes,Chambal ravines,Wikimedia Commons,CC/public-domain only; verify per-file license before commercial use
JG-079,Nature,Landscapes,Pachmarhi waterfall forest,Wikimedia Commons,CC/public-domain only; verify per-file license before commercial use
JG-080,Nature,Landscapes,Goa coast rocky beach sunset,Wikimedia Commons,CC/public-domain only; verify per-file license before commercial use
JG-081,Wildlife,Animals,Bengal tiger Ranthambore,Wikimedia Commons,CC/public-domain only; verify per-file license before commercial use
JG-082,Wildlife,Animals,Bengal tiger Bandhavgarh,Wikimedia Commons,CC/public-domain only; verify per-file license before commercial use
JG-083,Wildlife,Animals,Tiger Jim Corbett National Park,Wikimedia Commons,CC/public-domain only; verify per-file license before commercial use
JG-084,Wildlife,Animals,Bengal tiger Kanha meadow,Wikimedia Commons,CC/public-domain only; verify per-file license before commercial use
JG-085,Wildlife,Animals,Asiatic lion Gir,Wikimedia Commons,CC/public-domain only; verify per-file license before commercial use
JG-086,Wildlife,Animals,Indian leopard forest,Wikimedia Commons,CC/public-domain only; verify per-file license before commercial use
JG-087,Wildlife,Animals,Indian rhinoceros Kaziranga,Wikimedia Commons,CC/public-domain only; verify per-file license before commercial use
JG-088,Wildlife,Animals,Asian elephant Kerala forest,Wikimedia Commons,CC/public-domain only; verify per-file license before commercial use
JG-089,Wildlife,Animals,Asian elephant herd Karnataka,Wikimedia Commons,CC/public-domain only; verify per-file license before commercial use
JG-090,Wildlife,Animals,Gaur Western Ghats,Wikimedia Commons,CC/public-domain only; verify per-file license before commercial use
JG-091,Wildlife,Animals,Blackbuck herd Velavadar,Wikimedia Commons,CC/public-domain only; verify per-file license before commercial use
JG-092,Wildlife,Animals,Indian wolf grassland,Wikimedia Commons,CC/public-domain only; verify per-file license before commercial use
JG-093,Wildlife,Animals,Sloth bear India forest,Wikimedia Commons,CC/public-domain only; verify per-file license before commercial use
JG-094,Wildlife,Animals,Barasingha Kanha,Wikimedia Commons,CC/public-domain only; verify per-file license before commercial use
JG-095,Wildlife,Animals,Swamp deer wetland India,Wikimedia Commons,CC/public-domain only; verify per-file license before commercial use
JG-096,Wildlife,Animals,Nilgai grassland,Wikimedia Commons,CC/public-domain only; verify per-file license before commercial use
JG-097,Wildlife,Animals,Chinkara Rajasthan,Wikimedia Commons,CC/public-domain only; verify per-file license before commercial use
JG-098,Wildlife,Animals,Sambar deer waterhole,Wikimedia Commons,CC/public-domain only; verify per-file license before commercial use
JG-099,Wildlife,Animals,Chital herd India forest,Wikimedia Commons,CC/public-domain only; verify per-file license before commercial use
JG-100,Wildlife,Animals,Wild water buffalo Kaziranga,Wikimedia Commons,CC/public-domain only; verify per-file license before commercial use
JG-101,Wildlife,Animals,Dhole pack Western Ghats,Wikimedia Commons,CC/public-domain only; verify per-file license before commercial use
JG-102,Wildlife,Animals,Snow leopard Ladakh,Wikimedia Commons,CC/public-domain only; verify per-file license before commercial use
JG-103,Wildlife,Animals,Himalayan black bear,Wikimedia Commons,CC/public-domain only; verify per-file license before commercial use
JG-104,Wildlife,Animals,Red panda Sikkim,Wikimedia Commons,CC/public-domain only; verify per-file license before commercial use
JG-105,Wildlife,Animals,Golden langur Assam,Wikimedia Commons,CC/public-domain only; verify per-file license before commercial use
JG-106,Wildlife,Animals,Lion-tailed macaque Western Ghats,Wikimedia Commons,CC/public-domain only; verify per-file license before commercial use
JG-107,Wildlife,Animals,Nilgiri tahr Eravikulam,Wikimedia Commons,CC/public-domain only; verify per-file license before commercial use
JG-108,Wildlife,Animals,Himalayan monal,Wikimedia Commons,CC/public-domain only; verify per-file license before commercial use
JG-109,Wildlife,Animals,Indian peafowl displaying,Wikimedia Commons,CC/public-domain only; verify per-file license before commercial use
JG-110,Wildlife,Animals,Sarus crane pair Uttar Pradesh,Wikimedia Commons,CC/public-domain only; verify per-file license before commercial use
JG-111,Wildlife,Animals,Greater flamingo Gujarat,Wikimedia Commons,CC/public-domain only; verify per-file license before commercial use
JG-112,Wildlife,Animals,Painted stork wetland India,Wikimedia Commons,CC/public-domain only; verify per-file license before commercial use
JG-113,Wildlife,Animals,Common kingfisher India river,Wikimedia Commons,CC/public-domain only; verify per-file license before commercial use
JG-114,Wildlife,Animals,Great hornbill Northeast India,Wikimedia Commons,CC/public-domain only; verify per-file license before commercial use
JG-115,Wildlife,Animals,Great Indian bustard Rajasthan,Wikimedia Commons,CC/public-domain only; verify per-file license before commercial use
JG-116,Wildlife,Animals,Black-necked crane Ladakh,Wikimedia Commons,CC/public-domain only; verify per-file license before commercial use
JG-117,Wildlife,Animals,Olive ridley turtle Odisha beach,Wikimedia Commons,CC/public-domain only; verify per-file license before commercial use
JG-118,Wildlife,Animals,Ganges river dolphin,Wikimedia Commons,CC/public-domain only; verify per-file license before commercial use
JG-119,Wildlife,Animals,Saltwater crocodile Sundarbans,Wikimedia Commons,CC/public-domain only; verify per-file license before commercial use
JG-120,Wildlife,Animals,Mugger crocodile India,Wikimedia Commons,CC/public-domain only; verify per-file license before commercial use
JG-121,Spirituality,Sacred,Meditation Ganga Rishikesh sunrise,Wikimedia Commons,CC/public-domain only; verify per-file license before commercial use
JG-122,Spirituality,Sacred,Yoga Ganga Rishikesh,Wikimedia Commons,CC/public-domain only; verify per-file license before commercial use
JG-123,Spirituality,Sacred,Meditation Himalaya dawn,Wikimedia Commons,CC/public-domain only; verify per-file license before commercial use
JG-124,Spirituality,Sacred,Himalayan meditation retreat,Wikimedia Commons,CC/public-domain only; verify per-file license before commercial use
JG-125,Spirituality,Sacred,Buddhist monk Himalayan monastery courtyard,Wikimedia Commons,CC/public-domain only; verify per-file license before commercial use
JG-126,Spirituality,Sacred,Buddhist monk Sikkim monastery,Wikimedia Commons,CC/public-domain only; verify per-file license before commercial use
JG-127,Spirituality,Sacred,Prayer flags Himalaya wind,Wikimedia Commons,CC/public-domain only; verify per-file license before commercial use
JG-128,Spirituality,Sacred,Meditation Himalayan lake,Wikimedia Commons,CC/public-domain only; verify per-file license before commercial use
JG-129,Spirituality,Sacred,Yoga Himalayan river forest,Wikimedia Commons,CC/public-domain only; verify per-file license before commercial use
JG-130,Spirituality,Sacred,Outdoor yoga India sunrise,Wikimedia Commons,CC/public-domain only; verify per-file license before commercial use
JG-131,Spirituality,Sacred,Ganga river dawn ghats mist,Wikimedia Commons,CC/public-domain only; verify per-file license before commercial use
JG-132,Spirituality,Sacred,Ganga Aarti Varanasi,Wikimedia Commons,CC/public-domain only; verify per-file license before commercial use
JG-133,Spirituality,Sacred,Floating diyas Ganga dusk,Wikimedia Commons,CC/public-domain only; verify per-file license before commercial use
JG-134,Spirituality,Sacred,Himalayan monastery mountains,Wikimedia Commons,CC/public-domain only; verify per-file license before commercial use
JG-135,Spirituality,Sacred,Buddhist prayer wheels monastery corridor,Wikimedia Commons,CC/public-domain only; verify per-file license before commercial use
JG-136,Spirituality,Sacred,Prayer flags snow mountains Himalaya,Wikimedia Commons,CC/public-domain only; verify per-file license before commercial use
JG-137,Spirituality,Sacred,Buddhist stupa Himalaya sunrise,Wikimedia Commons,CC/public-domain only; verify per-file license before commercial use
JG-138,Spirituality,Sacred,Bodhi tree Bodh Gaya,Wikimedia Commons,CC/public-domain only; verify per-file license before commercial use
JG-139,Spirituality,Sacred,Buddha statue silhouette dawn India,Wikimedia Commons,CC/public-domain only; verify per-file license before commercial use
JG-140,Spirituality,Sacred,Mahabodhi Temple Bodh Gaya sunrise,Wikimedia Commons,CC/public-domain only; verify per-file license before commercial use
JG-141,Spirituality,Sacred,Dhamek Stupa Sarnath,Wikimedia Commons,CC/public-domain only; verify per-file license before commercial use
JG-142,Spirituality,Sacred,Buddhist monks walking Bihar monastery,Wikimedia Commons,CC/public-domain only; verify per-file license before commercial use
JG-143,Spirituality,Sacred,Jain monk walking India,Wikimedia Commons,CC/public-domain only; verify per-file license before commercial use
JG-144,Spirituality,Sacred,Jain temple courtyard meditation,Wikimedia Commons,CC/public-domain only; verify per-file license before commercial use
JG-145,Spirituality,Sacred,Banyan tree India sacred,Wikimedia Commons,CC/public-domain only; verify per-file license before commercial use
JG-146,Spirituality,Sacred,Peepal tree diyas evening,Wikimedia Commons,CC/public-domain only; verify per-file license before commercial use
JG-147,Spirituality,Sacred,Himalayan sunrise panorama,Wikimedia Commons,CC/public-domain only; verify per-file license before commercial use
JG-148,Spirituality,Sacred,Himalayan sunset meditation,Wikimedia Commons,CC/public-domain only; verify per-file license before commercial use
JG-149,Spirituality,Sacred,Rishikesh ashram courtyard,Wikimedia Commons,CC/public-domain only; verify per-file license before commercial use
JG-150,Spirituality,Sacred,Kerala wellness retreat,Wikimedia Commons,CC/public-domain only; verify per-file license before commercial use
JG-151,Spirituality,Sacred,Ayurveda Kerala traditional,Wikimedia Commons,CC/public-domain only; verify per-file license before commercial use
JG-152,Spirituality,Sacred,Indian meditation room natural light,Wikimedia Commons,CC/public-domain only; verify per-file license before commercial use
JG-153,Spirituality,Sacred,Diya incense traditional India,Wikimedia Commons,CC/public-domain only; verify per-file license before commercial use
JG-154,Spirituality,Sacred,Lotus flower pond,Wikimedia Commons,CC/public-domain only; verify per-file license before commercial use
JG-155,Spirituality,Sacred,Lotus pond sunrise reflection,Wikimedia Commons,CC/public-domain only; verify per-file license before commercial use
JG-156,Spirituality,Sacred,Om symbol traditional Indian art,Wikimedia Commons,CC/public-domain only; verify per-file license before commercial use
JG-157,Spirituality,Sacred,Meditation beneath banyan tree,Wikimedia Commons,CC/public-domain only; verify per-file license before commercial use
JG-158,Spirituality,Sacred,Himalayan monastery misty valley,Wikimedia Commons,CC/public-domain only; verify per-file license before commercial use
JG-159,Spirituality,Sacred,Meditation Indian forest,Wikimedia Commons,CC/public-domain only; verify per-file license before commercial use
JG-160,Spirituality,Sacred,Indian river sunrise temple silhouette,Wikimedia Commons,CC/public-domain only; verify per-file license before commercial use
